Workbook

Sheet Porovnavanie
C1: Dátum | D1: Čas | E1: Plán sieť [kWh] | F1: Skutočnosť sieť [kWh] | G1: Marič [kWh] | H1: Plán EE [MW] | I1: Skutočnosť EE [MW] | J1: Cena SK (EUR/MWh) | K1: Tržby výroba EE | L1: Táto farba znamená plán
L2: Táto farba znamená skutočnosť
L3: Zobchodované na intraday
L4: Zmena plánu oproti pôvodnému | M4: Plán EE pôvodný | N4: Zobchodnovanie na intraday
C5: =Predikcia!A3 -> 45689 | D5: =Predikcia!B3 -> 00:00:00 | E5: =Predikcia!G3 -> 8455 | F5: ='DHS2025'!C2 -> 6183 | G5: ='DHS2025'!D2 -> 2395 | H5: 2 | I5: ='DHS2025'!E2/1000 -> 2.063 | J5: =Predikcia!R3 -> 138.98 | K5: =(J5*0.99-1.9)*I5 -> 279.92888 | M5: =Predikcia!K3 -> 4 | N5: 2
C6: =Predikcia!A4 -> 45689 | D6: =Predikcia!B4 -> 01:00:00 | E6: =Predikcia!G4 -> 10543.25 | F6: ='DHS2025'!C3 -> 9138 | G6: ='DHS2025'!D3 -> 108 | H6: 2 | I6: ='DHS2025'!E3/1000 -> 2.068 | J6: =Predikcia!R4 -> 130.97 | K6: =(J6*0.99-1.9)*I6 -> 264.2083 | M6: =Predikcia!K4 -> 4 | N6: 2
C7: =Predikcia!A5 -> 45689 | D7: =Predikcia!B5 -> 02:00:00 | E7: =Predikcia!G5 -> 12401.25 | F7: ='DHS2025'!C4 -> 8597 | G7: ='DHS2025'!D4 -> 368 | H7: 2 | I7: ='DHS2025'!E4/1000 -> 2.056 | J7: =Predikcia!R5 -> 125.43 | K7: =(J7*0.99-1.9)*I7 -> 251.39884 | M7: =Predikcia!K5 -> 5 | N7: 2
C8: =Predikcia!A6 -> 45689 | D8: =Predikcia!B6 -> 03:00:00 | E8: =Predikcia!G6 -> 12821.75 | F8: ='DHS2025'!C5 -> 14026 | G8: ='DHS2025'!D5 -> 43 | H8: 5 | I8: ='DHS2025'!E5/1000 -> 3.972 | J8: =Predikcia!R6 -> 119.21 | K8: =(J8*0.99-1.9)*I8 -> 461.2203 | M8: =Predikcia!K6 -> 5 | N8: 5
C9: =Predikcia!A7 -> 45689 | D9: =Predikcia!B7 -> 04:00:00 | E9: =Predikcia!G7 -> 15899.75 | F9: ='DHS2025'!C6 -> 16121 | G9: ='DHS2025'!D6 -> 27 | H9: 5 | I9: ='DHS2025'!E6/1000 -> 5.051 | J9: =Predikcia!R7 -> 119.45 | K9: =(J9*0.99-1.9)*I9 -> 587.71163 | M9: =Predikcia!K7 -> 5 | N9: 5
C10: =Predikcia!A8 -> 45689 | D10: =Predikcia!B8 -> 05:00:00 | E10: =Predikcia!G8 -> 16612.5 | F10: ='DHS2025'!C7 -> 16884 | G10: ='DHS2025'!D7 -> 102 | H10: 6 | I10: ='DHS2025'!E7/1000 -> 5.906 | J10: =Predikcia!R8 -> 121.06 | K10: =(J10*0.99-1.9)*I10 -> 696.60916 | M10: =Predikcia!K8 -> 6 | N10: 6
C11: =Predikcia!A9 -> 45689 | D11: =Predikcia!B9 -> 06:00:00 | E11: =Predikcia!G9 -> 18886.5 | F11: ='DHS2025'!C8 -> 21088 | G11: ='DHS2025'!D8 -> 30 | H11: 8 | I11: ='DHS2025'!E8/1000 -> 6.942 | J11: =Predikcia!R9 -> 127.22 | K11: =(J11*0.99-1.9)*I11 -> 861.13983 | M11: =Predikcia!K9 -> 6 | N11: 6
C12: =Predikcia!A10 -> 45689 | D12: =Predikcia!B10 -> 07:00:00 | E12: =Predikcia!G10 -> 16658.75 | F12: ='DHS2025'!C9 -> 18198 | G12: ='DHS2025'!D9 -> 5997 | H12: 8 | I12: ='DHS2025'!E9/1000 -> 8.065 | J12: =Predikcia!R10 -> 144.74 | K12: =(J12*0.99-1.9)*I12 -> 1140.3313 | M12: =Predikcia!K10 -> 6 | N12: 8
C13: =Predikcia!A11 -> 45689 | D13: =Predikcia!B11 -> 08:00:00 | E13: =Predikcia!G11 -> 15555.5 | F13: ='DHS2025'!C10 -> 15724 | G13: ='DHS2025'!D10 -> 8921 | H13: 8 | I13: ='DHS2025'!E10/1000 -> 8.034 | J13: =Predikcia!R11 -> 153.46 | K13: =(J13*0.99-1.9)*I13 -> 1205.3041 | M13: =Predikcia!K11 -> 5 | N13: 8
C14: =Predikcia!A12 -> 45689 | D14: =Predikcia!B12 -> 09:00:00 | E14: =Predikcia!G12 -> 15908 | F14: ='DHS2025'!C11 -> 14875 | G14: ='DHS2025'!D11 -> 8924 | H14: 8 | I14: ='DHS2025'!E11/1000 -> 8.057 | J14: =Predikcia!R12 -> 142.44 | K14: =(J14*0.99-1.9)*I14 -> 1120.8544 | M14: =Predikcia!K12 -> 5 | N14: 8
C15: =Predikcia!A13 -> 45689 | D15: =Predikcia!B13 -> 10:00:00 | E15: =Predikcia!G13 -> 14906 | F15: ='DHS2025'!C12 -> 13798 | G15: ='DHS2025'!D12 -> 10864 | H15: 8 | I15: ='DHS2025'!E12/1000 -> 8.069 | J15: =Predikcia!R13 -> 128.4 | K15: =(J15*0.99-1.9)*I15 -> 1010.3679 | M15: =Predikcia!K13 -> 5 | N15: 5
C16: =Predikcia!A14 -> 45689 | D16: =Predikcia!B14 -> 11:00:00 | E16: =Predikcia!G14 -> 14064.25 | F16: ='DHS2025'!C13 -> 12996 | G16: ='DHS2025'!D13 -> 11129 | H16: 8 | I16: ='DHS2025'!E13/1000 -> 8.041 | J16: =Predikcia!R14 -> 120.08 | K16: =(J16*0.99-1.9)*I16 -> 940.62975 | M16: =Predikcia!K14 -> 5 | N16: 5
... C654: =Predikcia!A652 -> 45716 | D654: =Predikcia!B652 -> 01:00:00 | E654: =Predikcia!G652 -> 7357.25 | F654: ='DHS2025'!C651 -> 6928 | G654: ='DHS2025'!D651 -> 3921 | H654: 3 | I654: ='DHS2025'!E651/1000 -> 3.059 | J654: =Predikcia!R652 -> 110.54 | K654: =(J654*0.99-1.9)*I654 -> 328.94834 | M654: =Predikcia!K652 -> 3 | N654: 3
C655: =Predikcia!A653 -> 45716 | D655: =Predikcia!B653 -> 02:00:00 | E655: =Predikcia!G653 -> 8105.5 | F655: ='DHS2025'!C652 -> 8347 | G655: ='DHS2025'!D652 -> 3853 | H655: 4 | I655: ='DHS2025'!E652/1000 -> 3.668 | J655: =Predikcia!R653 -> 109.38 | K655: =(J655*0.99-1.9)*I655 -> 390.22458 | M655: =Predikcia!K653 -> 4 | N655: 4 | Q655: ;
C656: =Predikcia!A654 -> 45716 | D656: =Predikcia!B654 -> 03:00:00 | E656: =Predikcia!G654 -> 9543.25 | F656: ='DHS2025'!C653 -> 8933 | G656: ='DHS2025'!D653 -> 5396 | H656: 4 | I656: ='DHS2025'!E653/1000 -> 4.07 | J656: =Predikcia!R654 -> 107.03 | K656: =(J656*0.99-1.9)*I656 -> 423.52298 | M656: =Predikcia!K654 -> 4 | N656: 4
C657: =Predikcia!A655 -> 45716 | D657: =Predikcia!B655 -> 04:00:00 | E657: =Predikcia!G655 -> 14682.25 | F657: ='DHS2025'!C654 -> 13600 | G657: ='DHS2025'!D654 -> 20 | H657: 5 | I657: ='DHS2025'!E654/1000 -> 4.654 | J657: =Predikcia!R655 -> 112.43 | K657: =(J657*0.99-1.9)*I657 -> 509.17413 | M657: =Predikcia!K655 -> 5 | N657: 5
C658: =Predikcia!A656 -> 45716 | D658: =Predikcia!B656 -> 05:00:00 | E658: =Predikcia!G656 -> 16889.5 | F658: ='DHS2025'!C655 -> 16055 | G658: ='DHS2025'!D655 -> 102 | H658: 6 | I658: ='DHS2025'!E655/1000 -> 5.829 | J658: =Predikcia!R656 -> 107.81 | K658: =(J658*0.99-1.9)*I658 -> 611.06515 | M658: =Predikcia!K656 -> 6 | N658: 6
C659: =Predikcia!A657 -> 45716 | D659: =Predikcia!B657 -> 06:00:00 | E659: =Predikcia!G657 -> 16345.25 | F659: ='DHS2025'!C656 -> 18195 | G659: ='DHS2025'!D656 -> 97 | H659: 6 | I659: ='DHS2025'!E656/1000 -> 6.061 | J659: =Predikcia!R657 -> 128.11 | K659: =(J659*0.99-1.9)*I659 -> 757.19406 | M659: =Predikcia!K657 -> 6 | N659: 6
C660: =Predikcia!A658 -> 45716 | D660: =Predikcia!B658 -> 07:00:00 | E660: =Predikcia!G658 -> 15429.5 | F660: ='DHS2025'!C657 -> 16585 | G660: ='DHS2025'!D657 -> 1750 | H660: 6 | I660: ='DHS2025'!E657/1000 -> 6.058 | J660: =Predikcia!R658 -> 142.95 | K660: =(J660*0.99-1.9)*I660 -> 845.82099 | M660: =Predikcia!K658 -> 5 | N660: 5
C661: =Predikcia!A659 -> 45716 | D661: =Predikcia!B659 -> 08:00:00 | E661: =Predikcia!G659 -> 15910.25 | F661: ='DHS2025'!C658 -> 14010 | G661: ='DHS2025'!D658 -> 2844 | H661: 6 | I661: ='DHS2025'!E658/1000 -> 6.045 | J661: =Predikcia!R659 -> 161.88 | K661: =(J661*0.99-1.9)*I661 -> 957.29345 | M661: =Predikcia!K659 -> 5 | N661: 5
C662: =Predikcia!A660 -> 45716 | D662: =Predikcia!B660 -> 09:00:00 | E662: =Predikcia!G660 -> 15050 | F662: ='DHS2025'!C659 -> 14063 | G662: ='DHS2025'!D659 -> 4238 | H662: 6 | I662: ='DHS2025'!E659/1000 -> 6.06 | J662: =Predikcia!R660 -> 146.7 | K662: =(J662*0.99-1.9)*I662 -> 868.59798 | M662: =Predikcia!K660 -> 5 | N662: 5
C663: =Predikcia!A661 -> 45716 | D663: =Predikcia!B661 -> 10:00:00 | E663: =Predikcia!G661 -> 14457 | F663: ='DHS2025'!C660 -> 13597 | G663: ='DHS2025'!D660 -> 4595 | H663: 6 | I663: ='DHS2025'!E660/1000 -> 6.057 | J663: =Predikcia!R661 -> 128.83 | K663: =(J663*0.99-1.9)*I663 -> 761.01178 | M663: =Predikcia!K661 -> 5 | N663: 5
C664: =Predikcia!A662 -> 45716 | D664: =Predikcia!B662 -> 11:00:00 | E664: =Predikcia!G662 -> 13339.25 | F664: ='DHS2025'!C661 -> 13036 | G664: ='DHS2025'!D661 -> 2266 | H664: 5 | I664: ='DHS2025'!E661/1000 -> 5.063 | J664: =Predikcia!R662 -> 117.05 | K664: =(J664*0.99-1.9)*I664 -> 577.07821 | M664: =Predikcia!K662 -> 5 | N664: 5
C665: =Predikcia!A663 -> 45716 | D665: =Predikcia!B663 -> 12:00:00 | E665: =Predikcia!G663 -> 12780.25 | F665: ='DHS2025'!C662 -> 12390 | G665: ='DHS2025'!D662 -> 2925 | H665: 5 | I665: ='DHS2025'!E662/1000 -> 5.036 | J665: =Predikcia!R663 -> 109.92 | K665: =(J665*0.99-1.9)*I665 -> 538.45315 | M665: =Predikcia!K663 -> 5 | N665: 5
C666: =Predikcia!A664 -> 45716 | D666: =Predikcia!B664 -> 13:00:00 | E666: =Predikcia!G664 -> 12969 | F666: ='DHS2025'!C663 -> 11633 | G666: ='DHS2025'!D663 -> 3890 | H666: 5 | I666: ='DHS2025'!E663/1000 -> 5.049 | J666: =Predikcia!R664 -> 109.36 | K666: =(J666*0.99-1.9)*I666 -> 537.04395 | M666: =Predikcia!K664 -> 5 | N666: 5
C667: =Predikcia!A665 -> 45716 | D667: =Predikcia!B665 -> 14:00:00 | E667: =Predikcia!G665 -> 12329.25 | F667: ='DHS2025'!C664 -> 11786 | G667: ='DHS2025'!D664 -> 3764 | H667: 5 | I667: ='DHS2025'!E664/1000 -> 5.063 | J667: =Predikcia!R665 -> 112.08 | K667: =(J667*0.99-1.9)*I667 -> 552.16673 | M667: =Predikcia!K665 -> 5 | N667: 5
... C676: =Predikcia!A674 -> 45716 | D676: =Predikcia!B674 -> 23:00:00 | E676: =Predikcia!G674 -> 8038 | F676: ='DHS2025'!C673 -> 6799 | G676: ='DHS2025'!D673 -> 4882 | H676: 4 | I676: ='DHS2025'!E673/1000 -> 4.06 | J676: =Predikcia!R674 -> 116.8 | K676: =(J676*0.99-1.9)*I676 -> 461.75192 | M676: =Predikcia!K674 -> 4 | N676: 4
K677: =SUM(K5:K676) -> 742034.25

Sheet Predikcia
O1: 2025 Skutočnosť
A2: $Date | B2: $Time | C2: 2021 | D2: 2022 | E2: 2023 | F2: 2024 | G2: Ø | H2: MW EE | I2: Marič | J2: ∑ | K2: PLÁN | L2: koef | M2: 4 | O2: Sieť [kWh] | P2: Marič [kWh] | Q2: EE [kW] | R2: Cena SK (EUR/MWh) | S2: Tržby výroba EE
A3: 45689 | B3: 00:00:00 | C3: ='DHS2021'!C2 -> 13500 | D3: ='DHS2022'!C2 -> 5834 | E3: ='DHS2023'!C2 -> 6187 | F3: ='DHS2024'!C2 -> 8299 | G3: =AVERAGE(C3:F3) -> 8455 | H3: =G3/$M$2/1000 -> 2.11375 | I3: 1 | J3: =H3+I3 -> 3.11375 | K3: =ROUNDUP(J3,0) -> 4 | O3: ='DHS2025'!C2 -> 6183 | P3: ='DHS2025'!D2 -> 2395 | Q3: ='DHS2025'!E2 -> 2063 | R3: 138.98 | S3: =(Porovnavanie!J5*0.99-1.9)*Porovnavanie!I5 -> 279.92888
A4: =$A$3+INT((ROW()-3)/24) -> 45689 | B4: 01:00:00 | C4: ='DHS2021'!C3 -> 15674 | D4: ='DHS2022'!C3 -> 6159 | E4: ='DHS2023'!C3 -> 6848 | F4: ='DHS2024'!C3 -> 13492 | G4: =AVERAGE(C4:F4) -> 10543.25 | H4: =G4/$M$2/1000 -> 2.6358125 | I4: 1 | J4: =H4+I4 -> 3.6358125 | K4: =ROUNDUP(J4,0) -> 4 | O4: ='DHS2025'!C3 -> 9138 | P4: ='DHS2025'!D3 -> 108 | Q4: ='DHS2025'!E3 -> 2068 | R4: 130.97 | S4: =(Porovnavanie!J6*0.99-1.9)*Porovnavanie!I6 -> 264.2083
A5: =$A$3+INT((ROW()-3)/24) -> 45689 | B5: 02:00:00 | C5: ='DHS2021'!C4 -> 17064 | D5: ='DHS2022'!C4 -> 5346 | E5: ='DHS2023'!C4 -> 12004 | F5: ='DHS2024'!C4 -> 15191 | G5: =AVERAGE(C5:F5) -> 12401.25 | H5: =G5/$M$2/1000 -> 3.1003125 | I5: 1 | J5: =H5+I5 -> 4.1003125 | K5: =ROUNDUP(J5,0) -> 5 | O5: ='DHS2025'!C4 -> 8597 | P5: ='DHS2025'!D4 -> 368 | Q5: ='DHS2025'!E4 -> 2056 | R5: 125.43 | S5: =(Porovnavanie!J7*0.99-1.9)*Porovnavanie!I7 -> 251.39884
A6: =$A$3+INT((ROW()-3)/24) -> 45689 | B6: 03:00:00 | C6: ='DHS2021'!C5 -> 16851 | D6: ='DHS2022'!C5 -> 5931 | E6: ='DHS2023'!C5 -> 13482 | F6: ='DHS2024'!C5 -> 15023 | G6: =AVERAGE(C6:F6) -> 12821.75 | H6: =G6/$M$2/1000 -> 3.2054375 | I6: 1 | J6: =H6+I6 -> 4.2054375 | K6: =ROUNDUP(J6,0) -> 5 | O6: ='DHS2025'!C5 -> 14026 | P6: ='DHS2025'!D5 -> 43 | Q6: ='DHS2025'!E5 -> 3972 | R6: 119.21 | S6: =(Porovnavanie!J8*0.99-1.9)*Porovnavanie!I8 -> 461.2203
A7: =$A$3+INT((ROW()-3)/24) -> 45689 | B7: 04:00:00 | C7: ='DHS2021'!C6 -> 24143 | D7: ='DHS2022'!C6 -> 7781 | E7: ='DHS2023'!C6 -> 15000 | F7: ='DHS2024'!C6 -> 16675 | G7: =AVERAGE(C7:F7) -> 15899.75 | H7: =G7/$M$2/1000 -> 3.9749375 | I7: 1 | J7: =H7+I7 -> 4.9749375 | K7: =ROUNDUP(J7,0) -> 5 | O7: ='DHS2025'!C6 -> 16121 | P7: ='DHS2025'!D6 -> 27 | Q7: ='DHS2025'!E6 -> 5051 | R7: 119.45 | S7: =(Porovnavanie!J9*0.99-1.9)*Porovnavanie!I9 -> 587.71163
A8: =$A$3+INT((ROW()-3)/24) -> 45689 | B8: 05:00:00 | C8: ='DHS2021'!C7 -> 24523 | D8: ='DHS2022'!C7 -> 10507 | E8: ='DHS2023'!C7 -> 18294 | F8: ='DHS2024'!C7 -> 13126 | G8: =AVERAGE(C8:F8) -> 16612.5 | H8: =G8/$M$2/1000 -> 4.153125 | I8: 1 | J8: =H8+I8 -> 5.153125 | K8: =ROUNDUP(J8,0) -> 6 | O8: ='DHS2025'!C7 -> 16884 | P8: ='DHS2025'!D7 -> 102 | Q8: ='DHS2025'!E7 -> 5906 | R8: 121.06 | S8: =(Porovnavanie!J10*0.99-1.9)*Porovnavanie!I10 -> 696.60916
A9: =$A$3+INT((ROW()-3)/24) -> 45689 | B9: 06:00:00 | C9: ='DHS2021'!C8 -> 24110 | D9: ='DHS2022'!C8 -> 13665 | E9: ='DHS2023'!C8 -> 20805 | F9: ='DHS2024'!C8 -> 16966 | G9: =AVERAGE(C9:F9) -> 18886.5 | H9: =G9/$M$2/1000 -> 4.721625 | I9: 1 | J9: =H9+I9 -> 5.721625 | K9: =ROUNDUP(J9,0) -> 6 | O9: ='DHS2025'!C8 -> 21088 | P9: ='DHS2025'!D8 -> 30 | Q9: ='DHS2025'!E8 -> 6942 | R9: 127.22 | S9: =(Porovnavanie!J11*0.99-1.9)*Porovnavanie!I11 -> 861.13983
A10: =$A$3+INT((ROW()-3)/24) -> 45689 | B10: 07:00:00 | C10: ='DHS2021'!C9 -> 23365 | D10: ='DHS2022'!C9 -> 14502 | E10: ='DHS2023'!C9 -> 15161 | F10: ='DHS2024'!C9 -> 13607 | G10: =AVERAGE(C10:F10) -> 16658.75 | H10: =G10/$M$2/1000 -> 4.1646875 | I10: 1 | J10: =H10+I10 -> 5.1646875 | K10: =ROUNDUP(J10,0) -> 6 | O10: ='DHS2025'!C9 -> 18198 | P10: ='DHS2025'!D9 -> 5997 | Q10: ='DHS2025'!E9 -> 8065 | R10: 144.74 | S10: =(Porovnavanie!J12*0.99-1.9)*Porovnavanie!I12 -> 1140.3313
A11: =$A$3+INT((ROW()-3)/24) -> 45689 | B11: 08:00:00 | C11: ='DHS2021'!C10 -> 23324 | D11: ='DHS2022'!C10 -> 13059 | E11: ='DHS2023'!C10 -> 10841 | F11: ='DHS2024'!C10 -> 14998 | G11: =AVERAGE(C11:F11) -> 15555.5 | H11: =G11/$M$2/1000 -> 3.888875 | I11: 1 | J11: =H11+I11 -> 4.888875 | K11: =ROUNDUP(J11,0) -> 5 | O11: ='DHS2025'!C10 -> 15724 | P11: ='DHS2025'!D10 -> 8921 | Q11: ='DHS2025'!E10 -> 8034 | R11: 153.46 | S11: =(Porovnavanie!J13*0.99-1.9)*Porovnavanie!I13 -> 1205.3041
A12: =$A$3+INT((ROW()-3)/24) -> 45689 | B12: 09:00:00 | C12: ='DHS2021'!C11 -> 20968 | D12: ='DHS2022'!C11 -> 11558 | E12: ='DHS2023'!C11 -> 15489 | F12: ='DHS2024'!C11 -> 15617 | G12: =AVERAGE(C12:F12) -> 15908 | H12: =G12/$M$2/1000 -> 3.977 | I12: 1 | J12: =H12+I12 -> 4.977 | K12: =ROUNDUP(J12,0) -> 5 | O12: ='DHS2025'!C11 -> 14875 | P12: ='DHS2025'!D11 -> 8924 | Q12: ='DHS2025'!E11 -> 8057 | R12: 142.44 | S12: =(Porovnavanie!J14*0.99-1.9)*Porovnavanie!I14 -> 1120.8544
A13: =$A$3+INT((ROW()-3)/24) -> 45689 | B13: 10:00:00 | C13: ='DHS2021'!C12 -> 21026 | D13: ='DHS2022'!C12 -> 8600 | E13: ='DHS2023'!C12 -> 14546 | F13: ='DHS2024'!C12 -> 15452 | G13: =AVERAGE(C13:F13) -> 14906 | H13: =G13/$M$2/1000 -> 3.7265 | I13: 1 | J13: =H13+I13 -> 4.7265 | K13: =ROUNDUP(J13,0) -> 5 | O13: ='DHS2025'!C12 -> 13798 | P13: ='DHS2025'!D12 -> 10864 | Q13: ='DHS2025'!E12 -> 8069 | R13: 128.4 | S13: =(Porovnavanie!J15*0.99-1.9)*Porovnavanie!I15 -> 1010.3679
A14: =$A$3+INT((ROW()-3)/24) -> 45689 | B14: 11:00:00 | C14: ='DHS2021'!C13 -> 17650 | D14: ='DHS2022'!C13 -> 9684 | E14: ='DHS2023'!C13 -> 13116 | F14: ='DHS2024'!C13 -> 15807 | G14: =AVERAGE(C14:F14) -> 14064.25 | H14: =G14/$M$2/1000 -> 3.5160625 | I14: 1 | J14: =H14+I14 -> 4.5160625 | K14: =ROUNDUP(J14,0) -> 5 | O14: ='DHS2025'!C13 -> 12996 | P14: ='DHS2025'!D13 -> 11129 | Q14: ='DHS2025'!E13 -> 8041 | R14: 120.08 | S14: =(Porovnavanie!J16*0.99-1.9)*Porovnavanie!I16 -> 940.62975
A15: =$A$3+INT((ROW()-3)/24) -> 45689 | B15: 12:00:00 | C15: ='DHS2021'!C14 -> 16135 | D15: ='DHS2022'!C14 -> 9106 | E15: ='DHS2023'!C14 -> 13244 | F15: ='DHS2024'!C14 -> 15728 | G15: =AVERAGE(C15:F15) -> 13553.25 | H15: =G15/$M$2/1000 -> 3.3883125 | I15: 1 | J15: =H15+I15 -> 4.3883125 | K15: =ROUNDUP(J15,0) -> 5 | O15: ='DHS2025'!C14 -> 13266 | P15: ='DHS2025'!D14 -> 6105 | Q15: ='DHS2025'!E14 -> 6709 | R15: 110.29 | S15: =(Porovnavanie!J17*0.99-1.9)*Porovnavanie!I17 -> 719.78915
... A674: =$A$3+INT((ROW()-3)/24) -> 45716 | B674: 23:00:00 | C674: ='DHS2021'!C673 -> 5845 | D674: ='DHS2022'!C673 -> 12752 | E674: ='DHS2023'!C673 -> 8965 | F674: ='DHS2024'!C673 -> 4590 | G674: =AVERAGE(C674:F674) -> 8038 | H674: =G674/$M$2/1000 -> 2.0095 | I674: 1 | J674: =H674+I674 -> 3.0095 | K674: =ROUNDUP(J674,0) -> 4 | O674: ='DHS2025'!C673 -> 6799 | P674: ='DHS2025'!D673 -> 4882 | Q674: ='DHS2025'!E673 -> 4060 | R674: 116.8 | S674: =(Porovnavanie!J676*0.99-1.9)*Porovnavanie!I676 -> 461.75192
G675: =SUM(G3:G674)/1000 -> 9174.0547 | H675: =SUM(H3:H674) -> 2293.5137 | I675: =SUM(I3:I674) -> 672 | J675: =SUM(J3:J674) -> 2965.5137 | K675: =SUM(K3:K674) -> 3292 | S675: =SUM(S3:S674) -> 742034.25

Sheet DHS2021
A1: $Date | B1: $Time | C1: IIN_LEISTUNG-NETZ | D1: IIN_LEISTUNG-REGELKUEHLKREIS | E1: IIAN_DTU_GEN_WIRKLEISTUNG
A2: 01//21 | B2: 00:00:00 | C2: 13500
A3: 01//21 | B3: 01:00:00 | C3: 15674
A4: 01//21 | B4: 02:00:00 | C4: 17064
A5: 01//21 | B5: 03:00:00 | C5: 16851
A6: 01//21 | B6: 04:00:00 | C6: 24143
A7: 01//21 | B7: 05:00:00 | C7: 24523
A8: 01//21 | B8: 06:00:00 | C8: 24110
A9: 01//21 | B9: 07:00:00 | C9: 23365
A10: 01//21 | B10: 08:00:00 | C10: 23324
A11: 01//21 | B11: 09:00:00 | C11: 20968
A12: 01//21 | B12: 10:00:00 | C12: 21026
A13: 01//21 | B13: 11:00:00 | C13: 17650
... A673: 28//21 | B673: 23:00:00 | C673: 5845
A674: 29//21 | B674: 00:00:00
A675: 29//21 | B675: 01:00:00
A676: 29//21 | B676: 02:00:00
A677: 29//21 | B677: 03:00:00
A678: 29//21 | B678: 04:00:00
A679: 29//21 | B679: 05:00:00
A680: 29//21 | B680: 06:00:00
A681: 29//21 | B681: 07:00:00
A682: 29//21 | B682: 08:00:00
A683: 29//21 | B683: 09:00:00
A684: 29//21 | B684: 10:00:00
A685: 29//21 | B685: 11:00:00
... A745: 31//21 | B745: 23:00:00

Sheet DHS2022
A1: $Date | B1: $Time | C1: IIN_LEISTUNG-NETZ | D1: IIN_LEISTUNG-REGELKUEHLKREIS | E1: IIAN_DTU_GEN_WIRKLEISTUNG
A2: 01//22 | B2: 00:00:00 | C2: 5834
A3: 01//22 | B3: 01:00:00 | C3: 6159
A4: 01//22 | B4: 02:00:00 | C4: 5346
A5: 01//22 | B5: 03:00:00 | C5: 5931
A6: 01//22 | B6: 04:00:00 | C6: 7781
A7: 01//22 | B7: 05:00:00 | C7: 10507
A8: 01//22 | B8: 06:00:00 | C8: 13665
A9: 01//22 | B9: 07:00:00 | C9: 14502
A10: 01//22 | B10: 08:00:00 | C10: 13059
A11: 01//22 | B11: 09:00:00 | C11: 11558
A12: 01//22 | B12: 10:00:00 | C12: 8600
A13: 01//22 | B13: 11:00:00 | C13: 9684
... A673: 28//22 | B673: 23:00:00 | C673: 12752
A674: 29//22 | B674: 00:00:00
A675: 29//22 | B675: 01:00:00
A676: 29//22 | B676: 02:00:00
A677: 29//22 | B677: 03:00:00
A678: 29//22 | B678: 04:00:00
A679: 29//22 | B679: 05:00:00
A680: 29//22 | B680: 06:00:00
A681: 29//22 | B681: 07:00:00
A682: 29//22 | B682: 08:00:00
A683: 29//22 | B683: 09:00:00
A684: 29//22 | B684: 10:00:00
A685: 29//22 | B685: 11:00:00
... A745: 31//22 | B745: 23:00:00

Sheet DHS2023
A1: $Date | B1: $Time | C1: IIN_LEISTUNG-NETZ | D1: IIN_LEISTUNG-REGELKUEHLKREIS | E1: IIAN_DTU_GEN_WIRKLEISTUNG
A2: 01//23 | B2: 00:00:00 | C2: 6187
A3: 01//23 | B3: 01:00:00 | C3: 6848
A4: 01//23 | B4: 02:00:00 | C4: 12004
A5: 01//23 | B5: 03:00:00 | C5: 13482
A6: 01//23 | B6: 04:00:00 | C6: 15000
A7: 01//23 | B7: 05:00:00 | C7: 18294
A8: 01//23 | B8: 06:00:00 | C8: 20805
A9: 01//23 | B9: 07:00:00 | C9: 15161
A10: 01//23 | B10: 08:00:00 | C10: 10841
A11: 01//23 | B11: 09:00:00 | C11: 15489
A12: 01//23 | B12: 10:00:00 | C12: 14546
A13: 01//23 | B13: 11:00:00 | C13: 13116
... A673: 28//23 | B673: 23:00:00 | C673: 8965
A674: 29//23 | B674: 00:00:00
A675: 29//23 | B675: 01:00:00
A676: 29//23 | B676: 02:00:00
A677: 29//23 | B677: 03:00:00
A678: 29//23 | B678: 04:00:00
A679: 29//23 | B679: 05:00:00
A680: 29//23 | B680: 06:00:00
A681: 29//23 | B681: 07:00:00
A682: 29//23 | B682: 08:00:00
A683: 29//23 | B683: 09:00:00
A684: 29//23 | B684: 10:00:00
A685: 29//23 | B685: 11:00:00
... A745: 31//23 | B745: 23:00:00

Sheet DHS2024
A1: $Date | B1: $Time | C1: IIN_LEISTUNG-NETZ | D1: IIN_LEISTUNG-REGELKUEHLKREIS | E1: IIAN_DTU_GEN_WIRKLEISTUNG
A2: 01//24 | B2: 00:00:00 | C2: 8299
A3: 01//24 | B3: 01:00:00 | C3: 13492
A4: 01//24 | B4: 02:00:00 | C4: 15191
A5: 01//24 | B5: 03:00:00 | C5: 15023
A6: 01//24 | B6: 04:00:00 | C6: 16675
A7: 01//24 | B7: 05:00:00 | C7: 13126
A8: 01//24 | B8: 06:00:00 | C8: 16966
A9: 01//24 | B9: 07:00:00 | C9: 13607
A10: 01//24 | B10: 08:00:00 | C10: 14998
A11: 01//24 | B11: 09:00:00 | C11: 15617
A12: 01//24 | B12: 10:00:00 | C12: 15452
A13: 01//24 | B13: 11:00:00 | C13: 15807
... A673: 28//24 | B673: 23:00:00 | C673: 4590
A674: 29//24 | B674: 00:00:00
A675: 29//24 | B675: 01:00:00
A676: 29//24 | B676: 02:00:00
A677: 29//24 | B677: 03:00:00
A678: 29//24 | B678: 04:00:00
A679: 29//24 | B679: 05:00:00
A680: 29//24 | B680: 06:00:00
A681: 29//24 | B681: 07:00:00
A682: 29//24 | B682: 08:00:00
A683: 29//24 | B683: 09:00:00
A684: 29//24 | B684: 10:00:00
A685: 29//24 | B685: 11:00:00
... A745: 31//24 | B745: 23:00:00

Sheet DHS2025
A1: $Date | B1: $Time | C1: IIN_LEISTUNG-NETZ | D1: IIN_LEISTUNG-REGELKUEHLKREIS | E1: IIAN_DTU_GEN_WIRKLEISTUNG
A2: 02/01/25 | B2: 00:00:00 | C2: 6183 | D2: 2395 | E2: 2063
A3: 02/01/25 | B3: 01:00:00 | C3: 9138 | D3: 108 | E3: 2068
A4: 02/01/25 | B4: 02:00:00 | C4: 8597 | D4: 368 | E4: 2056
A5: 02/01/25 | B5: 03:00:00 | C5: 14026 | D5: 43 | E5: 3972
A6: 02/01/25 | B6: 04:00:00 | C6: 16121 | D6: 27 | E6: 5051
A7: 02/01/25 | B7: 05:00:00 | C7: 16884 | D7: 102 | E7: 5906
A8: 02/01/25 | B8: 06:00:00 | C8: 21088 | D8: 30 | E8: 6942
A9: 02/01/25 | B9: 07:00:00 | C9: 18198 | D9: 5997 | E9: 8065
A10: 02/01/25 | B10: 08:00:00 | C10: 15724 | D10: 8921 | E10: 8034
A11: 02/01/25 | B11: 09:00:00 | C11: 14875 | D11: 8924 | E11: 8057
A12: 02/01/25 | B12: 10:00:00 | C12: 13798 | D12: 10864 | E12: 8069
A13: 02/01/25 | B13: 11:00:00 | C13: 12996 | D13: 11129 | E13: 8041
... A673: 02/28/25 | B673: 23:00:00 | C673: 6799 | D673: 4882 | E673: 4060
